https://www.goodreads.com/book/show/19486412-big-little-lies,4,"Jun 02, 2014"
https://www.goodreads.com/book/show/19486412-big-little-lies,4,"May 28, 2014"
https://www.goodreads.com/book/show/19486412-big-little-lies,5,"Jun 02, 2014"
https://www.goodreads.com/book/show/19486412-big-little-lies,3,"Nov 30, 2017"
https://www.goodreads.com/book/show/19486412-big-little-lies,4,"Aug 08, 2014"
https://www.goodreads.com/book/show/19486412-big-little-lies,5,"Jan 11, 2017"
https://www.goodreads.com/book/show/19486412-big-little-lies,4,"Jan 22, 2017"
https://www.goodreads.com/book/show/19486412-big-little-lies,5,"Mar 28, 2015"
https://www.goodreads.com/book/show/19486412-big-little-lies,3,"Jun 13, 2014"
https://www.goodreads.com/book/show/19486412-big-little-lies,5,"Sep 21, 2014"
https://www.goodreads.com/book/show/19486412-big-little-lies,4,"May 02, 2015"
https://www.goodreads.com/book/show/19486412-big-little-lies,5,"Jun 12, 2017"
https://www.goodreads.com/book/show/19486412-big-little-lies,3,"Jun 03, 2014"
https://www.goodreads.com/book/show/19486412-big-little-lies,4,"Oct 29, 2014"
https://www.goodreads.com/book/show/19486412-big-little-lies,3,"Aug 17, 2014"
https://www.goodreads.com/book/show/19486412-big-little-lies,5,"Apr 17, 2017"
https://www.goodreads.com/book/show/19486412-big-little-lies,5,"Jan 27, 2018"
https://www.goodreads.com/book/show/19486412-big-little-lies,5,"Dec 02, 2016"
https://www.goodreads.com/book/show/19486412-big-little-lies,5,"Jun 19, 2017"
https://www.goodreads.com/book/show/19486412-big-little-lies,4,"Jul 08, 2014"
https://www.goodreads.com/book/show/19486412-big-little-lies,4,"May 11, 2017"
https://www.goodreads.com/book/show/19486412-big-little-lies,5,"Oct 21, 2014"
https://www.goodreads.com/book/show/19486412-big-little-lies,4,"May 02, 2017"
https://www.goodreads.com/book/show/19486412-big-little-lies,4,"Jul 01, 2014"
https://www.goodreads.com/book/show/19486412-big-little-lies,4,"Apr 11, 2017"
https://www.goodreads.com/book/show/19486412-big-little-lies,5,"Jun 30, 2015"
https://www.goodreads.com/book/show/19486412-big-little-lies,5,"Sep 21, 2014"
https://www.goodreads.com/book/show/19486412-big-little-lies,2,"Aug 07, 2014"
https://www.goodreads.com/book/show/19486412-big-little-lies,5,"Apr 25, 2017"
https://www.goodreads.com/book/show/19486412-big-little-lies,4,"Jan 15, 2017"
https://www.goodreads.com/book/show/17802724-the-husband-s-secret,2,"Oct 16, 2013"
https://www.goodreads.com/book/show/17802724-the-husband-s-secret,1,"Nov 05, 2013"
https://www.goodreads.com/book/show/17802724-the-husband-s-secret,5,"Jul 28, 2013"
https://www.goodreads.com/book/show/17802724-the-husband-s-secret,5,"Dec 06, 2014"
https://www.goodreads.com/book/show/17802724-the-husband-s-secret,3,"Dec 21, 2013"
https://www.goodreads.com/book/show/17802724-the-husband-s-secret,5,"Aug 14, 2013"
https://www.goodreads.com/book/show/17802724-the-husband-s-secret,1,"Jan 02, 2014"
https://www.goodreads.com/book/show/17802724-the-husband-s-secret,2,"Oct 07, 2013"
https://www.goodreads.com/book/show/17802724-the-husband-s-secret,1,"Sep 27, 2013"
https://www.goodreads.com/book/show/17802724-the-husband-s-secret,3,"Jun 18, 2017"
https://www.goodreads.com/book/show/17802724-the-husband-s-secret,5,"Jun 28, 2013"
https://www.goodreads.com/book/show/17802724-the-husband-s-secret,4,"Jul 03, 2016"
https://www.goodreads.com/book/show/17802724-the-husband-s-secret,5,"Nov 25, 2016"
https://www.goodreads.com/book/show/17802724-the-husband-s-secret,4,"Jul 07, 2015"
https://www.goodreads.com/book/show/17802724-the-husband-s-secret,3,"Sep 09, 2013"
https://www.goodreads.com/book/show/17802724-the-husband-s-secret,4,"Mar 26, 2017"
https://www.goodreads.com/book/show/17802724-the-husband-s-secret,5,"Feb 16, 2017"
https://www.goodreads.com/book/show/17802724-the-husband-s-secret,4,"May 19, 2015"
https://www.goodreads.com/book/show/17802724-the-husband-s-secret,4,"Sep 04, 2013"
https://www.goodreads.com/book/show/17802724-the-husband-s-secret,5,"May 13, 2015"
https://www.goodreads.com/book/show/17802724-the-husband-s-secret,5,"May 15, 2015"
https://www.goodreads.com/book/show/17802724-the-husband-s-secret,4,"Apr 01, 2014"
https://www.goodreads.com/book/show/17802724-the-husband-s-secret,3,"Mar 24, 2015"
https://www.goodreads.com/book/show/17802724-the-husband-s-secret,5,"Feb 14, 2017"
https://www.goodreads.com/book/show/17802724-the-husband-s-secret,4,"Aug 06, 2013"
https://www.goodreads.com/book/show/17802724-the-husband-s-secret,4,"Apr 22, 2015"
https://www.goodreads.com/book/show/17802724-the-husband-s-secret,1,"Jan 12, 2014"
https://www.goodreads.com/book/show/17802724-the-husband-s-secret,5,"Dec 29, 2017"
https://www.goodreads.com/book/show/17802724-the-husband-s-secret,5,"Aug 02, 2015"
https://www.goodreads.com/book/show/17802724-the-husband-s-secret,5,"May 27, 2013"
https://www.goodreads.com/book/show/6469165-what-alice-forgot,2,"Mar 25, 2011"
https://www.goodreads.com/book/show/6469165-what-alice-forgot,5,"Jan 23, 2013"
https://www.goodreads.com/book/show/6469165-what-alice-forgot,4,"Jun 01, 2011"
https://www.goodreads.com/book/show/6469165-what-alice-forgot,5,"Oct 07, 2012"
https://www.goodreads.com/book/show/6469165-what-alice-forgot,5,"Jun 10, 2017"
https://www.goodreads.com/book/show/6469165-what-alice-forgot,2,"Dec 15, 2014"
https://www.goodreads.com/book/show/6469165-what-alice-forgot,4,"Mar 08, 2014"
https://www.goodreads.com/book/show/6469165-what-alice-forgot,5,"Jan 09, 2017"
https://www.goodreads.com/book/show/6469165-what-alice-forgot,5,"Mar 22, 2011"
https://www.goodreads.com/book/show/6469165-what-alice-forgot,5,"Jan 10, 2017"
https://www.goodreads.com/book/show/6469165-what-alice-forgot,2,"Aug 29, 2014"
https://www.goodreads.com/book/show/6469165-what-alice-forgot,5,"Apr 13, 2016"
https://www.goodreads.com/book/show/6469165-what-alice-forgot,5,"Feb 12, 2011"
https://www.goodreads.com/book/show/6469165-what-alice-forgot,4,"Oct 18, 2012"
https://www.goodreads.com/book/show/6469165-what-alice-forgot,4,"Jul 16, 2015"
https://www.goodreads.com/book/show/6469165-what-alice-forgot,5,"Nov 30, 2016"
https://www.goodreads.com/book/show/6469165-what-alice-forgot,4,"Oct 12, 2017"
https://www.goodreads.com/book/show/6469165-what-alice-forgot,5,"Apr 06, 2012"
https://www.goodreads.com/book/show/6469165-what-alice-forgot,4,"Feb 08, 2015"
https://www.goodreads.com/book/show/6469165-what-alice-forgot,4,"Jan 10, 2017"
https://www.goodreads.com/book/show/6469165-what-alice-forgot,5,"Sep 29, 2015"
https://www.goodreads.com/book/show/6469165-what-alice-forgot,3,"Jun 03, 2011"
https://www.goodreads.com/book/show/6469165-what-alice-forgot,3,"Nov 14, 2011"
https://www.goodreads.com/book/show/6469165-what-alice-forgot,4,"May 06, 2016"
https://www.goodreads.com/book/show/6469165-what-alice-forgot,5,"Oct 11, 2012"
https://www.goodreads.com/book/show/6469165-what-alice-forgot,5,"May 25, 2013"
https://www.goodreads.com/book/show/6469165-what-alice-forgot,4,"Jun 23, 2011"
https://www.goodreads.com/book/show/6469165-what-alice-forgot,4,"Mar 29, 2013"
https://www.goodreads.com/book/show/6469165-what-alice-forgot,5,"Mar 02, 2014"
https://www.goodreads.com/book/show/6469165-what-alice-forgot,4,"Oct 17, 2017"
https://www.goodreads.com/book/show/26247008-truly-madly-guilty,2,"Jul 11, 2016"
https://www.goodreads.com/book/show/26247008-truly-madly-guilty,2,"May 15, 2016"
https://www.goodreads.com/book/show/26247008-truly-madly-guilty,3,"Jun 23, 2016"
https://www.goodreads.com/book/show/26247008-truly-madly-guilty,1,"Mar 29, 2016"
https://www.goodreads.com/book/show/26247008-truly-madly-guilty,4,"Mar 03, 2016"
https://www.goodreads.com/book/show/26247008-truly-madly-guilty,4,"Jun 29, 2016"
https://www.goodreads.com/book/show/26247008-truly-madly-guilty,3,"Apr 02, 2016"
https://www.goodreads.com/book/show/26247008-truly-madly-guilty,2,"Sep 15, 2016"
https://www.goodreads.com/book/show/26247008-truly-madly-guilty,3,"Oct 20, 2016"
https://www.goodreads.com/book/show/26247008-truly-madly-guilty,4,"Jun 14, 2017"
https://www.goodreads.com/book/show/26247008-truly-madly-guilty,4,"Jun 26, 2016"
https://www.goodreads.com/book/show/26247008-truly-madly-guilty,4,"May 17, 2016"
https://www.goodreads.com/book/show/26247008-truly-madly-guilty,4,"Dec 31, 2016"
https://www.goodreads.com/book/show/26247008-truly-madly-guilty,3,"Dec 12, 2016"
https://www.goodreads.com/book/show/26247008-truly-madly-guilty,5,"Jan 05, 2017"
https://www.goodreads.com/book/show/26247008-truly-madly-guilty,4,"Mar 11, 2016"
https://www.goodreads.com/book/show/26247008-truly-madly-guilty,5,"Jul 12, 2016"
https://www.goodreads.com/book/show/26247008-truly-madly-guilty,3,"Nov 11, 2017"
https://www.goodreads.com/book/show/26247008-truly-madly-guilty,3,"Sep 20, 2016"
https://www.goodreads.com/book/show/26247008-truly-madly-guilty,4,"Sep 19, 2016"
https://www.goodreads.com/book/show/26247008-truly-madly-guilty,2,"Mar 14, 2017"
https://www.goodreads.com/book/show/26247008-truly-madly-guilty,4,"Nov 04, 2016"
https://www.goodreads.com/book/show/26247008-truly-madly-guilty,4,"Jul 28, 2016"
https://www.goodreads.com/book/show/26247008-truly-madly-guilty,3,"May 28, 2016"
https://www.goodreads.com/book/show/26247008-truly-madly-guilty,5,"Mar 26, 2017"
https://www.goodreads.com/book/show/26247008-truly-madly-guilty,5,"Dec 02, 2016"
https://www.goodreads.com/book/show/26247008-truly-madly-guilty,5,"Dec 04, 2016"
https://www.goodreads.com/book/show/26247008-truly-madly-guilty,3,"Jul 27, 2016"
https://www.goodreads.com/book/show/26247008-truly-madly-guilty,3,"Oct 07, 2016"
https://www.goodreads.com/book/show/26247008-truly-madly-guilty,3,"Aug 25, 2016"
https://www.goodreads.com/book/show/1466455.Three_Wishes,5,"Nov 12, 2013"
https://www.goodreads.com/book/show/1466455.Three_Wishes,2,"Sep 16, 2016"
https://www.goodreads.com/book/show/1466455.Three_Wishes,2,"Feb 04, 2016"
https://www.goodreads.com/book/show/1466455.Three_Wishes,4,"Jan 25, 2017"
https://www.goodreads.com/book/show/1466455.Three_Wishes,4,"Jun 06, 2015"
https://www.goodreads.com/book/show/1466455.Three_Wishes,4,"Feb 02, 2016"
https://www.goodreads.com/book/show/1466455.Three_Wishes,5,"Feb 15, 2015"
https://www.goodreads.com/book/show/1466455.Three_Wishes,2,"May 12, 2015"
https://www.goodreads.com/book/show/1466455.Three_Wishes,5,"Jun 23, 2013"
https://www.goodreads.com/book/show/1466455.Three_Wishes,4,"Dec 08, 2015"
https://www.goodreads.com/book/show/1466455.Three_Wishes,4,"Jul 08, 2015"
https://www.goodreads.com/book/show/1466455.Three_Wishes,4,"Jan 20, 2017"
https://www.goodreads.com/book/show/1466455.Three_Wishes,3,"Jan 09, 2017"
https://www.goodreads.com/book/show/1466455.Three_Wishes,3,"Jan 03, 2017"
https://www.goodreads.com/book/show/1466455.Three_Wishes,2,"Sep 10, 2008"
https://www.goodreads.com/book/show/1466455.Three_Wishes,4,"Nov 16, 2016"
https://www.goodreads.com/book/show/1466455.Three_Wishes,5,"Jan 08, 2017"
https://www.goodreads.com/book/show/1466455.Three_Wishes,4,"Aug 26, 2014"
https://www.goodreads.com/book/show/1466455.Three_Wishes,2,"Apr 18, 2011"
https://www.goodreads.com/book/show/1466455.Three_Wishes,4,"Nov 03, 2014"
https://www.goodreads.com/book/show/1466455.Three_Wishes,4,"Mar 01, 2016"
https://www.goodreads.com/book/show/1466455.Three_Wishes,5,"Nov 02, 2013"
https://www.goodreads.com/book/show/1466455.Three_Wishes,4,"Sep 02, 2016"
https://www.goodreads.com/book/show/1466455.Three_Wishes,3,"Jan 05, 2014"
https://www.goodreads.com/book/show/1466455.Three_Wishes,4,"May 02, 2011"
https://www.goodreads.com/book/show/1466455.Three_Wishes,5,"Oct 04, 2014"
https://www.goodreads.com/book/show/1466455.Three_Wishes,3,"Oct 02, 2014"
https://www.goodreads.com/book/show/1466455.Three_Wishes,1,"Jun 21, 2012"
https://www.goodreads.com/book/show/1466455.Three_Wishes,5,"Mar 14, 2015"
https://www.goodreads.com/book/show/1466455.Three_Wishes,3,"Mar 16, 2016"
https://www.goodreads.com/book/show/23751850-the-hypnotist-s-love-story,2,"Dec 24, 2013"
https://www.goodreads.com/book/show/23751850-the-hypnotist-s-love-story,5,"Oct 08, 2012"
https://www.goodreads.com/book/show/23751850-the-hypnotist-s-love-story,2,"Feb 15, 2016"
https://www.goodreads.com/book/show/23751850-the-hypnotist-s-love-story,5,"Mar 06, 2017"
https://www.goodreads.com/book/show/23751850-the-hypnotist-s-love-story,4,"Feb 08, 2015"
https://www.goodreads.com/book/show/23751850-the-hypnotist-s-love-story,4,"Apr 11, 2017"
https://www.goodreads.com/book/show/23751850-the-hypnotist-s-love-story,4,"Jul 24, 2016"
https://www.goodreads.com/book/show/23751850-the-hypnotist-s-love-story,3,"Jun 16, 2014"
https://www.goodreads.com/book/show/23751850-the-hypnotist-s-love-story,4,"Nov 09, 2016"
https://www.goodreads.com/book/show/23751850-the-hypnotist-s-love-story,4,"May 24, 2014"
https://www.goodreads.com/book/show/23751850-the-hypnotist-s-love-story,3,"Jul 04, 2016"
https://www.goodreads.com/book/show/23751850-the-hypnotist-s-love-story,3,"Dec 04, 2013"
https://www.goodreads.com/book/show/23751850-the-hypnotist-s-love-story,3,"May 29, 2012"
https://www.goodreads.com/book/show/23751850-the-hypnotist-s-love-story,3,"Aug 30, 2012"
https://www.goodreads.com/book/show/23751850-the-hypnotist-s-love-story,4,"Jan 31, 2016"
https://www.goodreads.com/book/show/23751850-the-hypnotist-s-love-story,3,"Mar 06, 2015"
https://www.goodreads.com/book/show/23751850-the-hypnotist-s-love-story,4,"Jul 01, 2015"
https://www.goodreads.com/book/show/23751850-the-hypnotist-s-love-story,4,"Sep 23, 2014"
https://www.goodreads.com/book/show/23751850-the-hypnotist-s-love-story,3,"Aug 18, 2017"
https://www.goodreads.com/book/show/23751850-the-hypnotist-s-love-story,4,"Jan 17, 2018"
https://www.goodreads.com/book/show/23751850-the-hypnotist-s-love-story,1,"Jan 26, 2014"
https://www.goodreads.com/book/show/23751850-the-hypnotist-s-love-story,2,"Nov 18, 2017"
https://www.goodreads.com/book/show/23751850-the-hypnotist-s-love-story,4,"Aug 06, 2012"
https://www.goodreads.com/book/show/23751850-the-hypnotist-s-love-story,5,"May 11, 2015"
https://www.goodreads.com/book/show/23751850-the-hypnotist-s-love-story,4,"Oct 10, 2015"
https://www.goodreads.com/book/show/23751850-the-hypnotist-s-love-story,4,"Nov 11, 2015"
https://www.goodreads.com/book/show/23751850-the-hypnotist-s-love-story,4,"Mar 09, 2016"
https://www.goodreads.com/book/show/23751850-the-hypnotist-s-love-story,5,"May 09, 2015"
https://www.goodreads.com/book/show/23751850-the-hypnotist-s-love-story,5,"Aug 31, 2015"
https://www.goodreads.com/book/show/1282954.The_Last_Anniversary,4,"Dec 09, 2012"
https://www.goodreads.com/book/show/1282954.The_Last_Anniversary,3,"Sep 23, 2015"
https://www.goodreads.com/book/show/1282954.The_Last_Anniversary,3,"Oct 21, 2015"
https://www.goodreads.com/book/show/1282954.The_Last_Anniversary,5,"Jan 02, 2016"
https://www.goodreads.com/book/show/1282954.The_Last_Anniversary,4,"Feb 14, 2017"
https://www.goodreads.com/book/show/1282954.The_Last_Anniversary,4,"Sep 18, 2015"
https://www.goodreads.com/book/show/1282954.The_Last_Anniversary,4,"May 07, 2017"
https://www.goodreads.com/book/show/1282954.The_Last_Anniversary,5,"Jan 31, 2015"
https://www.goodreads.com/book/show/1282954.The_Last_Anniversary,2,"Mar 26, 2016"
https://www.goodreads.com/book/show/1282954.The_Last_Anniversary,1,"Jun 20, 2012"
https://www.goodreads.com/book/show/1282954.The_Last_Anniversary,2,"Jan 13, 2018"
https://www.goodreads.com/book/show/1282954.The_Last_Anniversary,4,"Jan 24, 2015"
https://www.goodreads.com/book/show/1282954.The_Last_Anniversary,2,"Apr 26, 2015"
https://www.goodreads.com/book/show/1282954.The_Last_Anniversary,2,"Jul 24, 2014"
https://www.goodreads.com/book/show/1282954.The_Last_Anniversary,1,"Sep 06, 2014"
https://www.goodreads.com/book/show/1282954.The_Last_Anniversary,4,"Jul 28, 2010"
https://www.goodreads.com/book/show/1282954.The_Last_Anniversary,4,"Mar 10, 2017"
https://www.goodreads.com/book/show/1282954.The_Last_Anniversary,5,"May 08, 2014"
https://www.goodreads.com/book/show/1282954.The_Last_Anniversary,3,"Apr 04, 2012"
https://www.goodreads.com/book/show/1282954.The_Last_Anniversary,1,"Oct 14, 2014"
https://www.goodreads.com/book/show/1282954.The_Last_Anniversary,1,"Dec 27, 2015"
https://www.goodreads.com/book/show/1282954.The_Last_Anniversary,2,"Mar 01, 2014"
https://www.goodreads.com/book/show/1282954.The_Last_Anniversary,3,"Dec 16, 2014"
https://www.goodreads.com/book/show/1282954.The_Last_Anniversary,3,"May 25, 2015"
https://www.goodreads.com/book/show/1282954.The_Last_Anniversary,2,"Nov 01, 2014"
https://www.goodreads.com/book/show/1282954.The_Last_Anniversary,3,"Aug 04, 2017"
https://www.goodreads.com/book/show/1282954.The_Last_Anniversary,4,"Apr 05, 2016"
https://www.goodreads.com/book/show/1282954.The_Last_Anniversary,4,"Dec 31, 2016"
https://www.goodreads.com/book/show/1282954.The_Last_Anniversary,4,"Nov 01, 2017"
https://www.goodreads.com/book/show/18906484-the-husband-s-secret-free-preview,3,"Dec 05, 2013"
https://www.goodreads.com/book/show/18906484-the-husband-s-secret-free-preview,5,"Feb 20, 2015"
https://www.goodreads.com/book/show/18906484-the-husband-s-secret-free-preview,5,"Dec 30, 2013"
https://www.goodreads.com/book/show/18906484-the-husband-s-secret-free-preview,4,"Feb 18, 2014"
https://www.goodreads.com/book/show/18906484-the-husband-s-secret-free-preview,3,"Feb 16, 2014"
https://www.goodreads.com/book/show/18906484-the-husband-s-secret-free-preview,2,"Jan 12, 2014"
https://www.goodreads.com/book/show/18906484-the-husband-s-secret-free-preview,5,"Dec 10, 2013"
https://www.goodreads.com/book/show/18906484-the-husband-s-secret-free-preview,3,"Jan 18, 2014"
https://www.goodreads.com/book/show/18906484-the-husband-s-secret-free-preview,4,"Dec 01, 2013"
https://www.goodreads.com/book/show/18906484-the-husband-s-secret-free-preview,5,"Jun 18, 2015"
https://www.goodreads.com/book/show/18906484-the-husband-s-secret-free-preview,4,"May 02, 2015"
https://www.goodreads.com/book/show/18906484-the-husband-s-secret-free-preview,4,"May 18, 2015"
https://www.goodreads.com/book/show/18906484-the-husband-s-secret-free-preview,5,"May 24, 2015"
https://www.goodreads.com/book/show/18906484-the-husband-s-secret-free-preview,4,"Nov 24, 2017"
https://www.goodreads.com/book/show/18906484-the-husband-s-secret-free-preview,5,"Dec 22, 2013"
https://www.goodreads.com/book/show/18906484-the-husband-s-secret-free-preview,4,"Feb 05, 2014"
https://www.goodreads.com/book/show/18906484-the-husband-s-secret-free-preview,4,"Jan 11, 2014"
https://www.goodreads.com/book/show/18906484-the-husband-s-secret-free-preview,5,"Jan 28, 2014"
https://www.goodreads.com/book/show/18906484-the-husband-s-secret-free-preview,3,"Feb 02, 2014"
https://www.goodreads.com/book/show/18906484-the-husband-s-secret-free-preview,5,"Jan 06, 2014"
https://www.goodreads.com/book/show/18906484-the-husband-s-secret-free-preview,4,"Jan 10, 2014"
https://www.goodreads.com/book/show/18906484-the-husband-s-secret-free-preview,5,"Aug 17, 2015"
https://www.goodreads.com/book/show/18906484-the-husband-s-secret-free-preview,3,"Apr 20, 2015"
https://www.goodreads.com/book/show/18906484-the-husband-s-secret-free-preview,3,"Mar 15, 2015"
https://www.goodreads.com/book/show/18906484-the-husband-s-secret-free-preview,4,"May 25, 2015"
https://www.goodreads.com/book/show/18906484-the-husband-s-secret-free-preview,5,"Nov 25, 2013"
https://www.goodreads.com/book/show/18906484-the-husband-s-secret-free-preview,5,"Jun 25, 2015"
https://www.goodreads.com/book/show/18906484-the-husband-s-secret-free-preview,5,"Apr 19, 2015"
https://www.goodreads.com/book/show/7944840-three-wishes-the-last-anniversary,5,"May 04, 2015"
https://www.goodreads.com/book/show/7944840-three-wishes-the-last-anniversary,4,"Apr 16, 2014"
https://www.goodreads.com/book/show/7944840-three-wishes-the-last-anniversary,5,"Mar 10, 2015"
https://www.goodreads.com/book/show/7944840-three-wishes-the-last-anniversary,3,"Apr 17, 2015"
https://www.goodreads.com/book/show/7944840-three-wishes-the-last-anniversary,4,"Apr 03, 2013"
https://www.goodreads.com/book/show/7944840-three-wishes-the-last-anniversary,3,"May 13, 2017"
https://www.goodreads.com/book/show/7944840-three-wishes-the-last-anniversary,4,"May 05, 2014"
https://www.goodreads.com/book/show/7944840-three-wishes-the-last-anniversary,4,"Dec 25, 2014"
https://www.goodreads.com/book/show/7944840-three-wishes-the-last-anniversary,3,"May 25, 2015"
https://www.goodreads.com/book/show/7944840-three-wishes-the-last-anniversary,5,"Jun 23, 2015"
https://www.goodreads.com/book/show/7944840-three-wishes-the-last-anniversary,3,"May 11, 2015"
https://www.goodreads.com/book/show/7944840-three-wishes-the-last-anniversary,3,"Sep 15, 2015"
https://www.goodreads.com/book/show/7944840-three-wishes-the-last-anniversary,3,"Dec 16, 2015"
https://www.goodreads.com/book/show/7944840-three-wishes-the-last-anniversary,1,"Feb 06, 2013"
https://www.goodreads.com/book/show/7944840-three-wishes-the-last-anniversary,5,"Dec 27, 2015"
https://www.goodreads.com/book/show/7944840-three-wishes-the-last-anniversary,3,"Apr 08, 2015"
https://www.goodreads.com/book/show/7944840-three-wishes-the-last-anniversary,5,"May 23, 2015"
https://www.goodreads.com/book/show/7944840-three-wishes-the-last-anniversary,4,"Aug 30, 2014"
https://www.goodreads.com/book/show/7944840-three-wishes-the-last-anniversary,5,"Jul 13, 2014"
https://www.goodreads.com/book/show/7944840-three-wishes-the-last-anniversary,4,"Dec 19, 2016"
https://www.goodreads.com/book/show/7944840-three-wishes-the-last-anniversary,4,"Mar 28, 2015"
https://www.goodreads.com/book/show/7944840-three-wishes-the-last-anniversary,5,"Jul 16, 2016"
https://www.goodreads.com/book/show/7944840-three-wishes-the-last-anniversary,3,"Jun 01, 2016"
https://www.goodreads.com/book/show/7944840-three-wishes-the-last-anniversary,3,"Apr 07, 2014"
https://www.goodreads.com/book/show/7944840-three-wishes-the-last-anniversary,1,"Feb 17, 2015"
https://www.goodreads.com/book/show/7944840-three-wishes-the-last-anniversary,4,"Aug 13, 2016"
https://www.goodreads.com/book/show/7944840-three-wishes-the-last-anniversary,3,"Dec 16, 2015"
https://www.goodreads.com/book/show/7944840-three-wishes-the-last-anniversary,4,"Apr 16, 2015"
https://www.goodreads.com/book/show/7944840-three-wishes-the-last-anniversary,1,"Apr 17, 2015"
https://www.goodreads.com/book/show/25278673-mothers-and-others,2,"May 02, 2015"
https://www.goodreads.com/book/show/25278673-mothers-and-others,5,"May 25, 2015"
https://www.goodreads.com/book/show/25278673-mothers-and-others,5,"Apr 18, 2015"
https://www.goodreads.com/book/show/25278673-mothers-and-others,5,"Jun 26, 2015"
https://www.goodreads.com/book/show/25278673-mothers-and-others,4,"Jan 12, 2018"
https://www.goodreads.com/book/show/25278673-mothers-and-others,2,"Mar 14, 2016"
https://www.goodreads.com/book/show/25278673-mothers-and-others,1,"Jun 28, 2017"
https://www.goodreads.com/book/show/25278673-mothers-and-others,2,"Sep 09, 2016"
https://www.goodreads.com/book/show/25278673-mothers-and-others,4,"Jun 01, 2015"
https://www.goodreads.com/book/show/25278673-mothers-and-others,4,"Apr 02, 2015"
https://www.goodreads.com/book/show/25278673-mothers-and-others,3,"Aug 11, 2015"
https://www.goodreads.com/book/show/25278673-mothers-and-others,5,"Oct 18, 2016"
https://www.goodreads.com/book/show/25278673-mothers-and-others,3,"Jul 22, 2017"
https://www.goodreads.com/book/show/25278673-mothers-and-others,3,"Jan 10, 2016"
https://www.goodreads.com/book/show/25278673-mothers-and-others,2,"Sep 20, 2017"
https://www.goodreads.com/book/show/25278673-mothers-and-others,3,"Jun 22, 2017"
https://www.goodreads.com/book/show/25278673-mothers-and-others,2,"Dec 26, 2016"
https://www.goodreads.com/book/show/25278673-mothers-and-others,3,"May 29, 2015"
https://www.goodreads.com/book/show/25278673-mothers-and-others,4,"Jan 09, 2018"
https://www.goodreads.com/book/show/25278673-mothers-and-others,3,"Jun 21, 2017"
https://www.goodreads.com/book/show/25278673-mothers-and-others,5,"Feb 20, 2017"
https://www.goodreads.com/book/show/25278673-mothers-and-others,5,"Oct 21, 2015"
https://www.goodreads.com/book/show/25278673-mothers-and-others,4,"Sep 24, 2017"
https://www.goodreads.com/book/show/25278673-mothers-and-others,3,"Feb 13, 2017"
https://www.goodreads.com/book/show/25278673-mothers-and-others,3,"Dec 28, 2015"
https://www.goodreads.com/book/show/25278673-mothers-and-others,5,"Oct 22, 2017"
https://www.goodreads.com/book/show/25278673-mothers-and-others,3,"Jun 16, 2016"
https://www.goodreads.com/book/show/25278673-mothers-and-others,3,"Sep 28, 2016"
https://www.goodreads.com/book/show/25278673-mothers-and-others,3,"Apr 25, 2017"
https://www.goodreads.com/book/show/25278673-mothers-and-others,4,"Aug 09, 2017"
https://www.goodreads.com/book/show/6285633-earthling-ambassador,4,"Jul 17, 2017"
https://www.goodreads.com/book/show/6285633-earthling-ambassador,5,"Nov 15, 2017"
https://www.goodreads.com/book/show/6285633-earthling-ambassador,5,"Apr 02, 2015"
https://www.goodreads.com/book/show/6285633-earthling-ambassador,5,"Jun 08, 2015"
https://www.goodreads.com/book/show/6285633-earthling-ambassador,4,"Nov 06, 2014"
https://www.goodreads.com/book/show/6285633-earthling-ambassador,5,"Sep 28, 2017"
https://www.goodreads.com/book/show/6285633-earthling-ambassador,2,"Apr 01, 2017"
https://www.goodreads.com/book/show/6285633-earthling-ambassador,4,"Aug 03, 2017"
https://www.goodreads.com/book/show/6285633-earthling-ambassador,4,"Jan 22, 2016"
https://www.goodreads.com/book/show/6285633-earthling-ambassador,5,"Jan 09, 2015"
https://www.goodreads.com/book/show/6285633-earthling-ambassador,2,"Mar 06, 2014"
https://www.goodreads.com/book/show/6285633-earthling-ambassador,5,"May 17, 2015"
https://www.goodreads.com/book/show/6285633-earthling-ambassador,2,"Apr 13, 2014"
https://www.goodreads.com/book/show/6285633-earthling-ambassador,5,"Dec 20, 2014"
https://www.goodreads.com/book/show/6285633-earthling-ambassador,3,"Apr 29, 2016"
https://www.goodreads.com/book/show/6285633-earthling-ambassador,3,"Sep 19, 2014"
https://www.goodreads.com/book/show/6285633-earthling-ambassador,3,"Jan 05, 2015"
https://www.goodreads.com/book/show/6285633-earthling-ambassador,5,"May 01, 2015"
https://www.goodreads.com/book/show/6285633-earthling-ambassador,4,"Oct 04, 2016"
https://www.goodreads.com/book/show/6285633-earthling-ambassador,3,"Mar 23, 2009"
https://www.goodreads.com/book/show/6285633-earthling-ambassador,3,"Jan 07, 2014"
https://www.goodreads.com/book/show/6285633-earthling-ambassador,1,"Jan 05, 2015"
https://www.goodreads.com/book/show/6285633-earthling-ambassador,3,"Dec 24, 2017"
https://www.goodreads.com/book/show/6285633-earthling-ambassador,5,"Oct 12, 2016"
https://www.goodreads.com/book/show/6285633-earthling-ambassador,4,"Jan 12, 2018"
https://www.goodreads.com/book/show/6285633-earthling-ambassador,5,"Jul 31, 2015"
https://www.goodreads.com/book/show/6285633-earthling-ambassador,5,"Jul 02, 2017"
https://www.goodreads.com/book/show/6285633-earthling-ambassador,4,"May 18, 2015"
https://www.goodreads.com/book/show/6285633-earthling-ambassador,4,"Aug 01, 2017"
https://www.goodreads.com/book/show/6285633-earthling-ambassador,5,"Oct 12, 2016"
https://www.goodreads.com/book/show/6285634-the-shobble-secret,5,"Nov 15, 2017"
https://www.goodreads.com/book/show/6285634-the-shobble-secret,5,"Apr 02, 2015"
https://www.goodreads.com/book/show/6285634-the-shobble-secret,5,"Jan 05, 2015"
https://www.goodreads.com/book/show/6285634-the-shobble-secret,5,"Apr 26, 2014"
https://www.goodreads.com/book/show/6285634-the-shobble-secret,4,"May 18, 2015"
https://www.goodreads.com/book/show/6285634-the-shobble-secret,5,"Jul 31, 2015"
https://www.goodreads.com/book/show/6285634-the-shobble-secret,3,"Dec 24, 2017"
https://www.goodreads.com/book/show/6285634-the-shobble-secret,5,"Jan 03, 2015"
https://www.goodreads.com/book/show/6285634-the-shobble-secret,4,"Jun 30, 2016"
https://www.goodreads.com/book/show/6285634-the-shobble-secret,4,"Apr 15, 2014"
https://www.goodreads.com/book/show/6285634-the-shobble-secret,5,"Jun 27, 2015"
https://www.goodreads.com/book/show/6285634-the-shobble-secret,4,"Jun 11, 2012"
https://www.goodreads.com/book/show/6285634-the-shobble-secret,5,"Dec 20, 2014"
https://www.goodreads.com/book/show/6285634-the-shobble-secret,1,"Feb 28, 2017"
https://www.goodreads.com/book/show/6285634-the-shobble-secret,2,"Jul 24, 2012"
https://www.goodreads.com/book/show/6285634-the-shobble-secret,4,"Jan 28, 2017"
https://www.goodreads.com/book/show/6285634-the-shobble-secret,5,"Oct 04, 2011"
https://www.goodreads.com/book/show/6285634-the-shobble-secret,2,"Aug 27, 2014"
https://www.goodreads.com/book/show/6285634-the-shobble-secret,5,"Aug 25, 2014"
https://www.goodreads.com/book/show/6285634-the-shobble-secret,3,"Apr 12, 2016"
https://www.goodreads.com/book/show/6285634-the-shobble-secret,4,"Mar 06, 2014"
https://www.goodreads.com/book/show/6285634-the-shobble-secret,5,"Mar 16, 2015"
https://www.goodreads.com/book/show/6285634-the-shobble-secret,4,"Feb 05, 2014"
https://www.goodreads.com/book/show/6285634-the-shobble-secret,5,"May 17, 2015"
https://www.goodreads.com/book/show/6285634-the-shobble-secret,2,"Oct 16, 2015"
https://www.goodreads.com/book/show/6285634-the-shobble-secret,2,"Dec 09, 2016"
https://www.goodreads.com/book/show/6285634-the-shobble-secret,4,"Nov 06, 2014"
https://www.goodreads.com/book/show/6285634-the-shobble-secret,1,"Jun 28, 2014"
https://www.goodreads.com/book/show/6285634-the-shobble-secret,4,"Sep 19, 2014"
https://www.goodreads.com/book/show/6285634-the-shobble-secret,4,"Jan 07, 2014"
https://www.goodreads.com/book/show/25081187-three-novels-by-liane-moriarty,5,"Mar 13, 2015"
https://www.goodreads.com/book/show/25081187-three-novels-by-liane-moriarty,5,"Jul 22, 2017"
https://www.goodreads.com/book/show/25081187-three-novels-by-liane-moriarty,4,"Oct 15, 2017"
https://www.goodreads.com/book/show/25081187-three-novels-by-liane-moriarty,5,"Feb 26, 2016"
https://www.goodreads.com/book/show/25081187-three-novels-by-liane-moriarty,5,"Apr 28, 2017"
https://www.goodreads.com/book/show/25081187-three-novels-by-liane-moriarty,5,"Jul 15, 2017"
https://www.goodreads.com/book/show/25081187-three-novels-by-liane-moriarty,5,"Feb 12, 2017"
https://www.goodreads.com/book/show/25081187-three-novels-by-liane-moriarty,4,"Nov 20, 2016"
https://www.goodreads.com/book/show/25081187-three-novels-by-liane-moriarty,5,"Dec 05, 2015"
https://www.goodreads.com/book/show/25081187-three-novels-by-liane-moriarty,3,"May 25, 2017"
https://www.goodreads.com/book/show/25081187-three-novels-by-liane-moriarty,5,"Oct 21, 2015"
https://www.goodreads.com/book/show/25081187-three-novels-by-liane-moriarty,5,"Feb 12, 2017"
https://www.goodreads.com/book/show/25081187-three-novels-by-liane-moriarty,1,"Apr 08, 2015"
https://www.goodreads.com/book/show/25081187-three-novels-by-liane-moriarty,2,"Feb 10, 2017"
https://www.goodreads.com/book/show/25081187-three-novels-by-liane-moriarty,3,"Jun 10, 2017"
https://www.goodreads.com/book/show/25081187-three-novels-by-liane-moriarty,5,"Apr 10, 2016"
https://www.goodreads.com/book/show/25081187-three-novels-by-liane-moriarty,5,"Sep 16, 2017"
https://www.goodreads.com/book/show/25081187-three-novels-by-liane-moriarty,4,"Oct 29, 2016"
https://www.goodreads.com/book/show/25081187-three-novels-by-liane-moriarty,3,"Sep 16, 2015"
https://www.goodreads.com/book/show/25081187-three-novels-by-liane-moriarty,4,"May 26, 2017"
https://www.goodreads.com/book/show/25081187-three-novels-by-liane-moriarty,4,"Feb 01, 2018"
https://www.goodreads.com/book/show/25081187-three-novels-by-liane-moriarty,4,"Dec 02, 2017"
https://www.goodreads.com/book/show/25081187-three-novels-by-liane-moriarty,5,"Aug 02, 2016"
https://www.goodreads.com/book/show/25081187-three-novels-by-liane-moriarty,4,"May 15, 2016"
https://www.goodreads.com/book/show/25081187-three-novels-by-liane-moriarty,5,"Mar 23, 2015"
https://www.goodreads.com/book/show/25081187-three-novels-by-liane-moriarty,5,"Oct 28, 2017"
https://www.goodreads.com/book/show/25081187-three-novels-by-liane-moriarty,5,"Jan 29, 2017"
https://www.goodreads.com/book/show/25081187-three-novels-by-liane-moriarty,5,"Mar 16, 2016"
https://www.goodreads.com/book/show/7634027-war-on-whimsy,5,"Nov 15, 2017"
https://www.goodreads.com/book/show/7634027-war-on-whimsy,4,"Oct 16, 2014"
https://www.goodreads.com/book/show/7634027-war-on-whimsy,4,"Jun 30, 2016"
https://www.goodreads.com/book/show/7634027-war-on-whimsy,4,"Feb 20, 2017"
https://www.goodreads.com/book/show/7634027-war-on-whimsy,3,"May 18, 2015"
https://www.goodreads.com/book/show/7634027-war-on-whimsy,4,"Oct 16, 2016"
https://www.goodreads.com/book/show/7634027-war-on-whimsy,4,"Apr 02, 2015"
https://www.goodreads.com/book/show/7634027-war-on-whimsy,3,"Dec 25, 2017"
https://www.goodreads.com/book/show/7634027-war-on-whimsy,5,"Jun 17, 2016"
https://www.goodreads.com/book/show/7634027-war-on-whimsy,4,"Oct 16, 2016"
https://www.goodreads.com/book/show/7634027-war-on-whimsy,4,"Feb 05, 2014"
https://www.goodreads.com/book/show/7634027-war-on-whimsy,3,"Dec 30, 2016"
https://www.goodreads.com/book/show/7634027-war-on-whimsy,4,"Aug 01, 2017"
https://www.goodreads.com/book/show/7634027-war-on-whimsy,4,"Apr 12, 2016"
https://www.goodreads.com/book/show/7634027-war-on-whimsy,5,"Oct 04, 2011"
https://www.goodreads.com/book/show/7634027-war-on-whimsy,5,"Jan 03, 2015"
https://www.goodreads.com/book/show/7634027-war-on-whimsy,5,"Oct 21, 2015"
https://www.goodreads.com/book/show/37858096-nog-n-keer-feest,3,"Jan 28, 2018"
https://www.goodreads.com/book/show/37858096-nog-n-keer-feest,3,"Jan 20, 2018"
https://www.goodreads.com/book/show/37858096-nog-n-keer-feest,4,"Jan 25, 2018"
https://www.goodreads.com/book/show/37858096-nog-n-keer-feest,4,"Jan 31, 2018"
https://www.goodreads.com/book/show/37858096-nog-n-keer-feest,3,"Jan 27, 2018"
https://www.goodreads.com/book/show/37858096-nog-n-keer-feest,2,"Jan 27, 2018"
https://www.goodreads.com/book/show/37858096-nog-n-keer-feest,2,"Jan 28, 2018"
https://www.goodreads.com/book/show/31308173-mothers-group,4,"Aug 01, 2016"
https://www.goodreads.com/book/show/31308173-mothers-group,3,"Aug 03, 2016"
https://www.goodreads.com/book/show/31308173-mothers-group,5,"Feb 20, 2017"
https://www.goodreads.com/book/show/31308173-mothers-group,2,"Aug 10, 2017"
https://www.goodreads.com/book/show/31277487-extrait-gratuit-petits-secrets-grands-mensonges,4,"Feb 20, 2017"
https://www.goodreads.com/book/show/28680495-the-fraudsters,4,"Feb 20, 2017"
https://www.goodreads.com/book/show/6288.The_Road,1,"Apr 01, 2008"
https://www.goodreads.com/book/show/6288.The_Road,3,"Mar 03, 2009"
https://www.goodreads.com/book/show/6288.The_Road,5,"Feb 19, 2008"
https://www.goodreads.com/book/show/6288.The_Road,2,"Jan 20, 2009"
https://www.goodreads.com/book/show/6288.The_Road,5,"Aug 22, 2016"
https://www.goodreads.com/book/show/6288.The_Road,1,"Jun 18, 2008"
https://www.goodreads.com/book/show/6288.The_Road,5,"Apr 21, 2014"
https://www.goodreads.com/book/show/6288.The_Road,1,"Oct 14, 2008"
https://www.goodreads.com/book/show/6288.The_Road,4,"Mar 03, 2011"
https://www.goodreads.com/book/show/6288.The_Road,5,"Jul 10, 2009"
https://www.goodreads.com/book/show/6288.The_Road,4,"Apr 19, 2017"
https://www.goodreads.com/book/show/6288.The_Road,4,"Sep 06, 2017"
https://www.goodreads.com/book/show/6288.The_Road,4,"Jul 18, 2011"
https://www.goodreads.com/book/show/6288.The_Road,5,"Sep 25, 2012"
https://www.goodreads.com/book/show/6288.The_Road,5,"May 23, 2012"
https://www.goodreads.com/book/show/6288.The_Road,4,"Aug 01, 2013"
https://www.goodreads.com/book/show/6288.The_Road,5,"Dec 14, 2009"
https://www.goodreads.com/book/show/6288.The_Road,1,"Jun 29, 2009"
https://www.goodreads.com/book/show/6288.The_Road,1,"Oct 26, 2008"
https://www.goodreads.com/book/show/6288.The_Road,5,"Oct 05, 2008"
https://www.goodreads.com/book/show/6288.The_Road,4,"May 29, 2017"
https://www.goodreads.com/book/show/6288.The_Road,5,"Jul 21, 2009"
https://www.goodreads.com/book/show/6288.The_Road,5,"Nov 28, 2015"
https://www.goodreads.com/book/show/6288.The_Road,5,"Nov 29, 2016"
https://www.goodreads.com/book/show/6288.The_Road,5,"Dec 07, 2009"
https://www.goodreads.com/book/show/6288.The_Road,5,"Aug 19, 2017"
https://www.goodreads.com/book/show/6288.The_Road,5,"Oct 13, 2016"
https://www.goodreads.com/book/show/6288.The_Road,5,"May 17, 2008"
https://www.goodreads.com/book/show/6288.The_Road,5,"Mar 20, 2014"
https://www.goodreads.com/book/show/6288.The_Road,5,"Oct 04, 2016"
